column1,column2,column3
ёјнбв,где,жзийкцщ
ёјнбв,где,жзийкцщ
ёјнбв,где,жзийкцщ
ёјнбв,где,жзийкцщ
ёјнбв,где,жзийкцщ
ёјнбв,где,жзийкцщ
ёјнбв,где,жзийкцщ
ёјнбв,где,жзийкцщ
ёјнбв,где,жзийкцщ
ёјнбв,где,жзийкцщ
ёјнбв,где,жзийкцщ
ёјнбв,где,жзийкцщ
ёјнбв,где,жзийкцщ
ёјнбв,где,жзийкцщ
ёјнбв,где,жзийкцщ
ёјнбв,где,жзийкцщ
ёјнбв,где,жзийкцщ
ёјнбв,где,жзийкцщ
ёјнбв,где,жзийкцщ
ёјнбв,где,жзийкцщ
ёјнбв,где,жзийкцщ
ёјнбв,где,жзийкцщ
ёјнбв,где,жзийкцщ
ёјнбв,где,жзийкцщ
ёјнбв,где,жзийкцщ
ёјнбв,где,жзийкцщ
ёјнбв,где,жзийкцщ
ёјнбв,где,жзийкцщ
ёјнбв,где,жзийкцщ
ёјнбв,где,жзийкцщ
ёјнбв,где,жзийкцщ
ёјнбв,где,жзийкцщ
ёјнбв,где,жзийкцщ
ёјнбв,где,жзийкцщ
ёјнбв,где,жзийкцщ
ёјнбв,где,жзийкцщ
ёјнбв,где,жзийкцщ
ёјнбв,где,жзийкцщ
ёјнбв,где,жзийкцщ
ёјнбв,где,жзийкцщ
ёјнбв,где,жзийкцщ
ёјнбв,где,жзийкцщ
ёјнбв,где,жзийкцщ
ёјнбв,где,жзийкцщ
ёјнбв,где,жзийкцщ
ёјнбв,где,жзийкцщ
ёјнбв,где,жзийкцщ
ёјнбв,где,жзийкцщ
ёјнбв,где,жзийкцщ
ёјнбв,где,жзийкцщ
ёјнбв,где,жзийкцщ
ёјнбв,где,жзийкцщ
ёјнбв,где,жзийкцщ
ёјнбв,где,жзийкцщ
ёјнбв,где,жзийкцщ
ёјнбв,где,жзийкцщ
ёјнбв,где,жзийкцщ
ёјнбв,где,жзийкцщ
ёјнбв,где,жзийкцщ
ёјнбв,где,жзийкцщ
ёјнбв,где,жзийкцщ
ёјнбв,где,жзийкцщ
ёјнбв,где,жзийкцщ
ёјнбв,где,жзийкцщ
ёјнбв,где,жзийкцщ
ёјнбв,где,жзийкцщ
ёјнбв,где,жзийкцщ
ёјнбв,где,жзийкцщ
ёјнбв,где,жзийкцщ
ёјнбв,где,жзийкцщ
ёјнбв,где,жзийкцщ
ёјнбв,где,жзийкцщ
ёјнбв,где,жзийкцщ
ёјнбв,где,жзийкцщ
ёјнбв,где,жзийкцщ
ёјнбв,где,жзийкцщ
ёјнбв,где,жзийкцщ
ёјнбв,где,жзийкцщ
ёјнбв,где,жзийкцщ
ёјнбв,где,жзийкцщ
ёјнбв,где,жзийкцщ
ёјнбв,где,жзийкцщ
ёјнбв,где,жзийкцщ
ёјнбв,где,жзийкцщ
ёјнбв,где,жзийкцщ
ёјнбв,где,жзийкцщ
ёјнбв,где,жзийкцщ
ёјнбв,где,жзийкцщ
ёјнбв,где,жзийкцщ
ёјнбв,где,жзийкцщ
ёјнбв,где,жзийкцщ
ёјнбв,где,жзийкцщ
ёјнбв,где,жзийкцщ
ёјнбв,где,жзийкцщ
ёјнбв,где,жзийкцщ
ёјнбв,где,жзийкцщ
ёјнбв,где,жзийкцщ
ёјнбв,где,жзийкцщ
ёјнбв,где,жзийкцщ
ёјнбв,где,жзийкцщ
